{"cameraMode":{"drawMode":0,"name":"Shaded","section":"Shading Mode"},"sceneLighting":false,"audioPlay":false,"sceneViewState":{"showFog":true,"showMaterialUpdate":false,"showSkybox":false,"showFlares":true,"showImageEffects":true,"showParticleSystems":true},"in2DMode":false,"pivot":{"x":-0.00011986494064331055,"y":0.5002636313438416,"z":-2.4401917457580568},"rotation":{"x":0.18165947496891023,"y":0.7797446250915527,"z":-0.2631734609603882,"w":0.53827303647995},"size":2.527815818786621,"orthographic":false}